{
    "isheader": false,
    "data": {
        "type": "structured",
        "name": "/home/xuanhuang/projects/vis_interface/vis_user_tool/python/ocean_151_194_23_t6480_float32.raw",
        "dims": [
            151,
            194,
            23
        ],
        "world_bbox": [
            10,
            10,
            10
        ],
        "frameRange": [
            8,
            11
        ]
    },
    "camera": [
        {
            "frame": 8,
            "pos": [
                -3.9298148155212402,
                6.5102715492248535,
                -12.45650577545166
            ],
            "dir": [
                0.5593217611312866,
                -0.00751552265137434,
                0.8289192318916321
            ],
            "up": [
                -0.05750872194766998,
                0.997200071811676,
                0.047845859080553055
            ]
        },
        {
            "frame": 11,
            "pos": [
                -3.9298148155212402,
                6.5102715492248535,
                -12.45650577545166
            ],
            "dir": [
                0.5593217611312866,
                -0.00751552265137434,
                0.8289192318916321
            ],
            "up": [
                -0.05750872194766998,
                0.997200071811676,
                0.047845859080553055
            ]
        }
    ],
    "transferFunc": [
        {
            "frame": 8,
            "range": [
                -1.1683393716812134,
                21.893573760986328
            ],
            "colors": [
                0.0,
                0.0,
                0.5624930262565613,
                0.0,
                0.0,
                1.0,
                0.0,
                1.0,
                1.0,
                0.5000079870223999,
                1.0,
                0.5000079870223999,
                1.0,
                1.0,
                0.0,
                1.0,
                0.0,
                0.0,
                0.5000079870223999,
                0.0,
                0.0
            ],
            "opacities": [
                0.0,
                0.007843137718737125,
                0.01568627543747425,
                0.0235294122248888,
                0.0313725508749485,
                0.03921568766236305,
                0.0470588244497776,
                0.054901961237192154,
                0.062745101749897,
                0.07058823853731155,
                0.0784313753247261,
                0.08627451211214066,
                0.0941176488995552,
                0.10196078568696976,
                0.10980392247438431,
                0.11764705926179886,
                0.125490203499794,
                0.13333334028720856,
                0.1411764770746231,
                0.14901961386203766,
                0.1568627506494522,
                0.16470588743686676,
                0.1725490242242813,
                0.18039216101169586,
                0.1882352977991104,
                0.19607843458652496,
                0.20392157137393951,
                0.21176470816135406,
                0.21960784494876862,
                0.22745098173618317,
                0.23529411852359772,
                0.24313725531101227,
                0.250980406999588,
                0.25882354378700256,
                0.2666666805744171,
                0.27450981736183167,
                0.2823529541492462,
                0.29019609093666077,
                0.2980392277240753,
                0.30588236451148987,
                0.3137255012989044,
                0.32156863808631897,
                0.3294117748737335,
                0.33725491166114807,
                0.3450980484485626,
                0.3529411852359772,
                0.3607843220233917,
                0.3686274588108063,
                0.3764705955982208,
                0.3843137323856354,
                0.3921568691730499,
                0.4000000059604645,
                0.40784314274787903,
                0.4156862795352936,
                0.42352941632270813,
                0.4313725531101227,
                0.43921568989753723,
                0.4470588266849518,
                0.45490196347236633,
                0.4627451002597809,
                0.47058823704719543,
                0.47843137383461,
                0.48627451062202454,
                0.4941176474094391,
                0.501960813999176,
                0.5098039507865906,
                0.5176470875740051,
                0.5254902243614197,
                0.5333333611488342,
                0.5411764979362488,
                0.5490196347236633,
                0.5568627715110779,
                0.5647059082984924,
                0.572549045085907,
                0.5803921818733215,
                0.5882353186607361,
                0.5960784554481506,
                0.6039215922355652,
                0.6117647290229797,
                0.6196078658103943,
                0.6274510025978088,
                0.6352941393852234,
                0.6431372761726379,
                0.6509804129600525,
                0.658823549747467,
                0.6666666865348816,
                0.6745098233222961,
                0.6823529601097107,
                0.6901960968971252,
                0.6980392336845398,
                0.7058823704719543,
                0.7137255072593689,
                0.7215686440467834,
                0.729411780834198,
                0.7372549176216125,
                0.7450980544090271,
                0.7529411911964417,
                0.7607843279838562,
                0.7686274647712708,
                0.7764706015586853,
                0.7843137383460999,
                0.7921568751335144,
                0.800000011920929,
                0.8078431487083435,
                0.8156862854957581,
                0.8235294222831726,
                0.8313725590705872,
                0.8392156958580017,
                0.8470588326454163,
                0.8549019694328308,
                0.8627451062202454,
                0.8705882430076599,
                0.8784313797950745,
                0.886274516582489,
                0.8941176533699036,
                0.9019607901573181,
                0.9098039269447327,
                0.9176470637321472,
                0.9254902005195618,
                0.9333333373069763,
                0.9411764740943909,
                0.9490196108818054,
                0.95686274766922,
                0.9647058844566345,
                0.9725490212440491,
                0.9803921580314636,
                0.9882352948188782
            ]
        }
    ]
}
